Workbook

Sheet Main Screen
C4: Regression Analysis and Correlation
C7: 1 - Deseasonalize data | E7: 7 - Moving Average Short-Range Forecasting
C9: 2 - Regression Analysis | E9: 8 - Standard Deviation
C11: 3 - Seasonalize Forecast
C13: 4 - Correlation
C15: 5 - Correlation Regression Analysis
C17: 6 - Weighted Moving Average

Sheet Deseasonalize
A1: 1. | B1: Seasonalized Time Series Forecast | H1: < Back
B3: Quaterly Sales (thousands of units)
B4: Year | C4: q1 | D4: q2 | E4: q3 | F4: q4 | G4: Total
B5: 1 | C5: 520 | D5: 730 | E5: 820 | F5: 530 | G5: =SUM(C5:F5) -> 2600
B6: 2 | C6: 590 | D6: 810 | E6: 900 | F6: 600 | G6: =SUM(C6:F6) -> 2900
B7: 3 | C7: 650 | D7: 900 | E7: 1000 | F7: 650 | G7: =SUM(C7:F7) -> 3200
B8: Total | C8: =SUM(C5:C7) -> 1760 | D8: =SUM(D5:D7) -> 2440 | E8: =SUM(E5:E7) -> 2720 | F8: =SUM(F5:F7) -> 1780 | G8: =SUM(G5:G7) -> 8700
B9: Quarter Average | C9: =AVERAGE(C5:C7) -> 586.66667 | D9: =AVERAGE(D5:D7) -> 813.33333 | E9: =AVERAGE(E5:E7) -> 906.66667 | F9: =AVERAGE(F5:F7) -> 593.33333 | G9: =G8/12 -> 725 | H9: *
B10: Seasonal Index ** | C10: =C9/$G$9 -> 0.8091954 | D10: =D9/$G$9 -> 1.1218391 | E10: =E9/$G$9 -> 1.2505747 | F10: =F9/$G$9 -> 0.8183908
B12: * Overall Qtr Avg | C12: 8700 / 12 = 725
B13: ** Seasonal Index | C13: Quarter Average / Overall Quarter average
B15: Quaterly Sales (thousands of units)
B16: Year | C16: q1 | D16: q2 | E16: q3 | F16: q4 | G16: Total
B17: 1 | C17: =C5/$C$10 -> 642.61364 | D17: =D5/$D$10 -> 650.71721 | E17: =E5/$E$10 -> 655.69853 | F17: =F5/$F$10 -> 647.61236 | G17: =SUM(C17:F17) -> 2596.6417
B18: 2 | C18: =C6/$C$10 -> 729.11932 | D18: =D6/$D$10 -> 722.02869 | E18: =E6/$E$10 -> 719.66912 | F18: =F6/$F$10 -> 733.14607 | G18: =SUM(C18:F18) -> 2903.9632
B19: 3 | C19: =C7/$C$10 -> 803.26705 | D19: =D7/$D$10 -> 802.2541 | E19: =E7/$E$10 -> 799.63235 | F19: =F7/$F$10 -> 794.24157 | G19: =SUM(C19:F19) -> 3199.3951
B21: Deseasonalize data by dividing each quarterly value by its SI.
B22: For instance, 520 / .809 = 642.8, 730 / 1.122 - 650.6, and so on.

Sheet Regression Analysis
A1: 2. | B1: Regression analysis | I1: < Back
B3: Quaterly Sales (thousands of units)
B4: Time Period | C4: X | D4: Y | E4: y2 | F4: x2 | G4: xy
B5: 1 - Q1 | C5: 1 | D5: =Deseasonalize!C$17 -> 642.61364 | G5: =D5*C5 -> 642.61364
B6: 1 - Q2 | C6: 2 | D6: =Deseasonalize!D$17 -> 650.71721 | G6: =D6*C6 -> 1301.4344
B7: 1 - Q3 | C7: 3 | D7: =Deseasonalize!E$17 -> 655.69853 | G7: =D7*C7 -> 1967.0956
B8: 1 - Q4 | C8: 4 | D8: =Deseasonalize!F17 -> 647.61236 | G8: =D8*C8 -> 2590.4494
B9: 2 - Q1 | C9: 5 | D9: =Deseasonalize!C$18 -> 729.11932 | G9: =D9*C9 -> 3645.5966
B10: 2 - Q2 | C10: 6 | D10: =Deseasonalize!D$18 -> 722.02869 | G10: =D10*C10 -> 4332.1721
B11: 2 - Q3 | C11: 7 | D11: =Deseasonalize!E$18 -> 719.66912 | G11: =D11*C11 -> 5037.6838
B12: 2 - Q4 | C12: 8 | D12: =Deseasonalize!F$18 -> 733.14607 | G12: =D12*C12 -> 5865.1685
B13: 3 - Q1 | C13: 9 | D13: =Deseasonalize!C$19 -> 803.26705 | G13: =D13*C13 -> 7229.4034
B14: 3 - Q2 | C14: 10 | D14: =Deseasonalize!D$19 -> 802.2541 | G14: =D14*C14 -> 8022.541
B15: 3 - Q3 | C15: 11 | D15: =Deseasonalize!E$19 -> 799.63235 | G15: =D15*C15 -> 8795.9559
B16: 3 - Q4 | C16: 12 | D16: =Deseasonalize!F$19 -> 794.24157 | G16: =D16*C16 -> 9530.8989
B17: Total | C17: =SUM(C5:C16) -> 78 | D17: =SUM(D5:D16) -> 8700 | E17: =SUMSQ(D5:D16) -> 6353175.9 | F17: =SUMSQ(C5:C16) -> 650 | G17: =SUM(G5:G16) -> 58961.013
C18: S | D18: S | E18: S | F18: S | G18: S
B21: a= | C21: Sx2Sy | D21: SxSxy | E21: = | F21: =((F17*D17)-(C17*G17))/((C16*F17)-(C17^2)) -> 615.40849
C22: nSx2 | D22: (Sx)2
B24: b= | C24: nSxy | D24: SxSy | E24: = | F24: =((C16*G17)-(C17*D17))/((C16*F17)-(C17^2)) -> 16.860233
C25: nSx2 | D25: (Sx)2
B28: Y = a + bX = | C28: 13 | D28: =$F$21+$F$24*C28 -> 834.59151
B29: Y = a + bX = | C29: 14 | D29: =$F$21+$F$24*C29 -> 851.45175
B30: Y = a + bX = | C30: 15 | D30: =$F$21+$F$24*C30 -> 868.31198
B31: Y = a + bX = | C31: 16 | D31: =$F$21+$F$24*C31 -> 885.17221

Sheet Seasonalize Forecast
A1: 3. | B1: Seasonalized Forecast | F1: < Back
B4: Quarter | C4: S.I. | D4: Deaseasonalized Forecast | E4: Index | F4: Seasonalized Forecast
B5: Q1 | C5: 1 | D5: 834.59151 | E5: 0.8091954 | F5: =D5*E5 -> 675.34762
B6: Q2 | C6: 2 | D6: 851.45175 | E6: 1.1218391 | F6: =D6*E6 -> 955.19185
B7: Q3 | C7: 3 | D7: 868.31198 | E7: 1.2505747 | F7: =D7*E7 -> 1085.889
B8: Q4 | C8: 4 | D8: 885.17221 | E8: 0.8183908 | F8: =D8*E8 -> 724.4168

Sheet Correlation
A1: 4. | B1: Correlation | F1: < Back
D2: of Company | E2: by the state
B3: Year | C3: Quarter | D3: Sales $000s | E3: Contracts Released $000s
B4: 1 | C4: Q1 | D4: 8 | E4: 150
C5: Q2 | D5: 10 | E5: 170
C6: Q3 | D6: 15 | E6: 190
C7: Q4 | D7: 9 | E7: 170
B8: 2 | C8: Q1 | D8: 12 | E8: 180
C9: Q2 | D9: 13 | E9: 190
C10: Q3 | D10: 12 | E10: 200
C11: Q4 | D11: 16 | E11: 220

Sheet Correlation Regression Analysis
A1: 5. | B1: Correlation Regression analysis | H1: < Back
B3: Quaterly Sales (thousands of units)
B4: Time Period | C4: X | D4: Y | E4: y2 | F4: x2 | G4: xy
B5: 1 | C5: 150 | D5: 8 | G5: 1200
B6: 2 | C6: 170 | D6: 10 | G6: 1700
B7: 3 | C7: 190 | D7: 15 | G7: 2850
B8: 4 | C8: 170 | D8: 9 | G8: 1530
B9: 5 | C9: 180 | D9: 12 | G9: 2160
B10: 6 | C10: 190 | D10: 13 | G10: 2470
B11: 7 | C11: 200 | D11: 12 | G11: 2400
B12: 8 | C12: 220 | D12: 16 | G12: 3520
B13: Total | C13: =SUM(C5:C12) -> 1470 | D13: =SUM(D5:D12) -> 95 | E13: =SUMSQ(D5:D12) -> 1183 | F13: =SUMSQ(C5:C12) -> 273300 | G13: =SUM(G5:G12) -> 17830
C14: S | D14: S | E14: S | F14: S | G14: S
B17: a= | C17: Sx2Sy | D17: SxSxy | E17: = | F17: =((F13*D13)-(C13*G13))/((B12*F13)-(C13^2)) -> -9.6705882
C18: nSx2 | D18: (Sx)2
B20: b= | C20: nSxy | D20: SxSy | E20: = | F20: =((B12*G13)-(C13*D13))/((B12*F13)-(C13^2)) -> 0.1172549
C21: nSx2 | D21: (Sx)2
B24: Y = a + bX = | C24: 260 | D24: =$F$17+($F$20*C24) -> 20.815686 | E24: * 260 forecast of next $ contracts
B25: Y = a + bX = | C25: 290 | D25: =$F$17+($F$20*C25) -> 24.333333 | E25: * 290 forecast of next $ contracts
B26: Y = a + bX = | C26: 300 | D26: =$F$17+($F$20*C26) -> 25.505882 | E26: * 300 forecast of next $ contracts
B27: Y = a + bX = | C27: 270 | D27: =$F$17+($F$20*C27) -> 21.988235 | E27: * 270 forecast of next $ contracts
H30: =((B12*G13)-(C13*D13))/(SQRT((((B12*F13)-(C13^2))*((B12*E13)-(D13^2))))) -> 0.89365284
B31: r = | D31: nSxy | E31: SxSy | G31: =
C32: Ö [ nSx2 | D32: (Sx)2 ] | E32: [ nSy2 | F32: (Sy)2 ]
C36: =SUMSQ(#REF!) -> #REF! | D36: =+C36 -> #REF!
B37: r ^ 2 =
B42: The amount of contracts (x) explains approximately 80 percent of the observed variation in quaterly demand

Sheet Weighted Moving Average
A1: 6. | B1: Weighted Moving Average | E1: < Back
B4: Time Period | C4: Actual Data | D4: Weight
B5: Week 7 | C5: 85 | D5: 0.2
B6: Week 8 | C6: 102 | D6: 0.3
B7: Week 9 | C7: 110 | D7: 0.5
B8: Week 10 Forecast | C8: =C5*D5+C6*D6+C7*D7 -> 102.6
B11: Forecast 10 | C11: .20 * 85 + .30 * 110 + .50 * 110

Sheet  Moving Average
A1: 7. | B1: Moving Average | F1: < Back
D3: Forecasts
B4: Time Period | C4: Actual Data | D4: AP = 3 Weeks | E4: AP = 5 Weeks | F4: AP = 7 Weeks
B5: 1 | C5: 100
B6: 2 | C6: 125
B7: 3 | C7: 90
B8: 4 | C8: 110
B9: 5 | C9: 105
B10: 6 | C10: 130
B11: 7 | C11: 85
B12: 8 | C12: 102 | D12: =(C9+C10+C11)/3 -> 106.66667 | E12: =SUM(C7:C11)/5 -> 104 | F12: =SUM(C5:C11)/7 -> 106.42857
B13: 9 | C13: 110 | D13: =(C10+C11+C12)/3 -> 105.66667 | E13: =SUM(C8:C12)/5 -> 106.4 | F13: =SUM(C6:C12)/7 -> 106.71429
B14: 10 | C14: 90 | D14: =(C11+C12+C13)/3 -> 99 | E14: =SUM(C9:C13)/5 -> 106.4 | F14: =SUM(C7:C13)/7 -> 104.57143
B15: 11 | C15: 105 | D15: =(C12+C13+C14)/3 -> 100.66667 | E15: =SUM(C10:C14)/5 -> 103.4 | F15: =SUM(C8:C14)/7 -> 104.57143
B16: 12 | C16: 95 | D16: =(C13+C14+C15)/3 -> 101.66667 | E16: =SUM(C11:C15)/5 -> 98.4 | F16: =SUM(C9:C15)/7 -> 103.85714
B17: 13 | C17: 115 | D17: =(C14+C15+C16)/3 -> 96.666667 | E17: =SUM(C12:C16)/5 -> 100.4 | F17: =SUM(C10:C16)/7 -> 102.42857
B18: 14 | C18: 120 | D18: =(C15+C16+C17)/3 -> 105 | E18: =SUM(C13:C17)/5 -> 103 | F18: =SUM(C11:C17)/7 -> 100.28571
B19: 15 | C19: 80 | D19: =(C16+C17+C18)/3 -> 110 | E19: =SUM(C14:C18)/5 -> 105 | F19: =SUM(C12:C18)/7 -> 105.28571
B20: 16 | C20: 95 | D20: =(C17+C18+C19)/3 -> 105 | E20: =SUM(C15:C19)/5 -> 103 | F20: =SUM(C13:C19)/7 -> 102.14286
B21: 17 | C21: 100 | D21: =(C18+C19+C20)/3 -> 98.333333 | E21: =SUM(C16:C20)/5 -> 101 | F21: =SUM(C14:C20)/7 -> 100
B24: Sample computations forecast for the 10th week:
B26: F3 = | C26: 85+102+110/3
B27: F5 = | C27: 105+130+85+102+110/5
B28: F7 = | C28: 90+110+105+130+85+102+110/7

Sheet Standard Deviation
A1: 8. | B1: Standard Deviation | F1: < Back
B3: Variance of a sample:
B4: The variance of a sample of n measurements x1, x2, . . . , xn is defined to be the sum of the
B5: squared deviations of the measurements about their mena x divided by (n - 1). The same
B6: variance is denoted by s^2 and is given by the formula.
E7: n
B8: Variance | C8: s2 = | D8: 1 | E8: S | F8: (xi - x) 2
D9: n - 1
E10: i = 1
B13: Standard Deviation | C13: s = | D13: Ö s
B19: Example: | C19: xi | D19: ( xi - x ) | E19: ( xi - x )2 | G19: x = | H19: (average or mean) | J19: =AVERAGE(C20:C24) -> 3.8
C20: 5 | D20: =C20-$J$19 -> 1.2 | E20: =(C20-$J$19)^2 -> 1.44
C21: 7 | D21: =C21-$J$19 -> 3.2 | E21: =(C21-$J$19)^2 -> 10.24
C22: 1 | D22: =C22-$J$19 -> -2.8 | E22: =(C22-$J$19)^2 -> 7.84
C23: 2 | D23: =C23-$J$19 -> -1.8 | E23: =(C23-$J$19)^2 -> 3.24
C24: 4 | D24: =C24-$J$19 -> 0.2 | E24: =(C24-$J$19)^2 -> 0.04
D25: S | E25: =SUM(E20:E24) -> 22.8
C27: s2 = | D27: 22.8 | E27: = | F27: =$E$25/4 -> 5.7
D28: 4
C30: s = | D30: Ö 5.70 | E30: = | F30: =SQRT(F27) -> 2.3874673
